video_id,true_label,predicted_label,confidence,score_riot,score_normal,score_fighting
0RkqluQmLWCt,riot,fighting,0.4829860031604767,0.27284762263298035,0.260718435049057,0.2747698724269867
0gEXueOMmwi8,riot,riot,0.9134439826011658,0.268513023853302,0.23472575843334198,0.24048948287963867
0jaHRfXYTxdk,riot,riot,0.8396661877632141,0.2545812129974365,0.21771520376205444,0.2366170585155487
1Ta9ZdFfiNrZ,riot,riot,0.9299760460853577,0.26974862813949585,0.23784014582633972,0.23598149418830872
1Zvr7Xtfv0Yt,riot,riot,0.8728352785110474,0.2575497627258301,0.23337239027023315,0.22882671654224396
1do91KWUgjXQ,riot,riot,0.652714729309082,0.2705477178096771,0.2317582070827484,0.26384150981903076
2XwJn0Iqphrc,riot,riot,0.6373472809791565,0.26109933853149414,0.23884029686450958,0.2533564865589142
3PkLpHaNWWeH,riot,riot,0.9043164253234863,0.2640317678451538,0.23162133991718292,0.2369539588689804
3ZXOHhUdKlYd,riot,riot,0.935360312461853,0.26120200753211975,0.2311559021472931,0.22185349464416504
3vGQyQIMf9H5,riot,riot,0.762280285358429,0.26804211735725403,0.22616976499557495,0.2558906078338623
4AquVMy2oe6C,riot,riot,0.8832449913024902,0.25542622804641724,0.2233099490404129,0.23155544698238373
4wIDySD7tKxo,riot,riot,0.44517552852630615,0.2576068043708801,0.24732553958892822,0.25642603635787964
5an2kTUFQs2t,riot,fighting,0.47602295875549316,0.2142188847064972,0.2044176310300827,0.21644552052021027
650ut3VxB679,riot,riot,0.8228975534439087,0.2705797851085663,0.23463088274002075,0.25385358929634094
6FY6c0d8IMjz,riot,riot,0.955527126789093,0.2829306125640869,0.23799186944961548,0.24951042234897614
6VYEdaOOP3hD,riot,riot,0.43993842601776123,0.24447932839393616,0.23909738659858704,0.24075773358345032
7ImZGTdfdcUk,riot,riot,0.9541022181510925,0.2719826102256775,0.23484790325164795,0.23456528782844543
7WJTCduTUKpl,riot,riot,0.43993842601776123,0.24447932839393616,0.23909738659858704,0.24075773358345032
7fckI1220tbu,riot,riot,0.9285343885421753,0.2663837969303131,0.22097982466220856,0.23924767971038818
7pyX4y0Z2wiy,riot,riot,0.6554871797561646,0.2540104389190674,0.24464857578277588,0.23387107253074646
8fsC1EfPO70k,riot,riot,0.7040995359420776,0.2476787567138672,0.23188789188861847,0.2322651743888855
8ziKp2FKa3Sb,riot,fighting,0.42456892132759094,0.24836553633213043,0.24265867471694946,0.24980482459068298
99Z6yIaTknNG,riot,riot,0.8966915011405945,0.2313767373561859,0.2006768137216568,0.20460964739322662
9bJLFfPeZlk8,riot,riot,0.9372191429138184,0.2544544041156769,0.22032882273197174,0.2206491231918335
9mroY9bM530c,riot,riot,0.6723456382751465,0.2638360261917114,0.2241404950618744,0.2562527358531952
ATHRnnmNpayv,riot,riot,0.5150415897369385,0.26064905524253845,0.22973152995109558,0.2595527768135071
AYijYnzI0Gbr,riot,riot,0.6019437313079834,0.2655579745769501,0.23952032625675201,0.26023560762405396
B7yh3YgnbcFT,riot,riot,0.910259485244751,0.2595008611679077,0.21995876729488373,0.23417004942893982
BnoDFbldwdly,riot,riot,0.7824550867080688,0.23295944929122925,0.20910345017910004,0.21613909304141998
BvNA5CiE47yt,riot,riot,0.8949279189109802,0.28832393884658813,0.2442094385623932,0.2658117413520813
C4YoY0OUVVNO,riot,riot,0.9590563774108887,0.27110883593559265,0.23201239109039307,0.23323018848896027
C6CA3XcXO87g,riot,riot,0.5663700103759766,0.2635200619697571,0.2480916976928711,0.2575753927230835
CE7LhOl22vJ9,riot,riot,0.8224155902862549,0.25567713379859924,0.22772341966629028,0.23702338337898254
CKSVgexBTTpn,riot,riot,0.9207412004470825,0.2635335624217987,0.22278472781181335,0.23680973052978516
CdZE4mF5ht43,riot,riot,0.9485662579536438,0.2613617479801178,0.22850638628005981,0.22049924731254578
Cg3gG8trkats,riot,fighting,0.599392294883728,0.24901561439037323,0.2328788936138153,0.25486111640930176
CgZxY8PDNM9m,riot,riot,0.9372668862342834,0.26219403743743896,0.2268579602241516,0.2294217348098755
D1nBUG3Qu3sw,riot,riot,0.9384877681732178,0.2605339288711548,0.22800573706626892,0.2243698388338089
DWGQ3kX1t1bF,riot,riot,0.8990980386734009,0.2734236717224121,0.2338857501745224,0.24967682361602783
EjkHpFX9ATgp,riot,riot,0.768998384475708,0.27444857358932495,0.23266014456748962,0.26189860701560974
FRPR3VqfBzIF,riot,riot,0.9038123488426208,0.2683106064796448,0.22957444190979004,0.2437347173690796
G3QrHQ8hQT2j,riot,riot,0.940646767616272,0.2599664628505707,0.22773629426956177,0.22235777974128723
GNugjVRmu3Bt,riot,riot,0.6505522131919861,0.26049330830574036,0.23241209983825684,0.25308752059936523
HS34fpbzqg2b,riot,riot,0.8279181122779846,0.2740734815597534,0.2540322244167328,0.24791021645069122
HpFLIM31gIU3,riot,riot,0.5372531414031982,0.2483789324760437,0.22778676450252533,0.24528329074382782
HpQ07PUDmWDk,riot,riot,0.7586972713470459,0.24625390768051147,0.21385732293128967,0.23348386585712433
IOqrjPvbQx6s,riot,riot,0.955527126789093,0.2829306125640869,0.23799186944961548,0.24951042234897614
IjCvip4YonXA,riot,riot,0.9010666608810425,0.2592075765132904,0.22116689383983612,0.23484820127487183
IlhIaEMwpl6i,riot,riot,0.8605065941810608,0.2494981586933136,0.22348523139953613,0.225185826420784
Iw8f3g3OZ7Ib,riot,riot,0.8949105739593506,0.2882866859436035,0.2450665831565857,0.265668123960495
JFBcTjyx726j,riot,riot,0.7375679612159729,0.2600483000278473,0.2393689751625061,0.24532370269298553
JFDVk6DaG1KD,riot,riot,0.9171475172042847,0.2590680718421936,0.23336590826511383,0.21625030040740967
JTr7X40BBrhP,riot,riot,0.8834142088890076,0.25386518239974976,0.2305333912372589,0.22033680975437164
KAu8c8e4lbDG,riot,fighting,0.6724113821983337,0.23617994785308838,0.22787906229496002,0.24698975682258606
KDH68TyHUiw5,riot,riot,0.5498292446136475,0.26097574830055237,0.21371731162071228,0.2588671147823334
KMyt1obG9scS,riot,riot,0.6841248869895935,0.25973817706108093,0.22591632604599,0.25124597549438477
KOZwp3W3n68V,riot,riot,0.9456346035003662,0.26213425397872925,0.22635409235954285,0.22692087292671204
Kmm034ViQJyl,riot,riot,0.9244266748428345,0.26654893159866333,0.2312658578157425,0.23705987632274628
LD5GrQx0MtsI,riot,riot,0.9184113144874573,0.2578032612800598,0.23006200790405273,0.22147177159786224
LQN0zyD01D3i,riot,riot,0.5536767840385437,0.25485044717788696,0.22929127514362335,0.2516825795173645
LhPiDTMhUSGL,riot,riot,0.8934946656227112,0.25638195872306824,0.2274315059185028,0.22887830436229706
LzjH34PY3gv5,riot,riot,0.9197238683700562,0.24902066588401794,0.2195817232131958,0.21538816392421722
M8YHLRH9D7gh,riot,riot,0.7584692239761353,0.24924582242965698,0.2306256741285324,0.2311110496520996
MIS1v7mdAmPU,riot,riot,0.8228726387023926,0.25595080852508545,0.2207699418067932,0.2391091287136078
NUpAt87SN70T,riot,riot,0.9157159924507141,0.269230455160141,0.24187754094600677,0.23317275941371918
OYFkHMYFMLfZ,riot,riot,0.9267416596412659,0.2606801986694336,0.22793567180633545,0.22878988087177277
OgrPDRox3rYY,riot,riot,0.8894480466842651,0.26495346426963806,0.2399260550737381,0.23335504531860352
Q7J24BNG2mCD,riot,riot,0.7820937037467957,0.23303796350955963,0.2090744525194168,0.21630191802978516
Q7pXj92SdEwH,riot,riot,0.808549165725708,0.2627519965171814,0.24211914837360382,0.24065622687339783
QNPHAGgOFQAp,riot,riot,0.864946722984314,0.26763689517974854,0.2428375780582428,0.2413802593946457
Qef9FWcq57B2,riot,riot,0.9456324577331543,0.2656552493572235,0.2352704554796219,0.21918027102947235
QgPXUnbdhx3q,riot,riot,0.6523749828338623,0.27869147062301636,0.22343812882900238,0.2723214626312256
QhHQcvLey9wa,riot,riot,0.9277606010437012,0.26633620262145996,0.2207498997449875,0.23936331272125244
QjlS1mXfbokU,riot,riot,0.9019270539283752,0.2588489055633545,0.22625881433486938,0.23230060935020447
QsKjvIGPfWKU,riot,riot,0.9062016606330872,0.2780889570713043,0.24977457523345947,0.2469840794801712
QuamW4hp4JQw,riot,riot,0.8914304971694946,0.2485152930021286,0.22445568442344666,0.21397364139556885
REUyWy1tXI22,riot,riot,0.7580302953720093,0.25316816568374634,0.23957356810569763,0.22542765736579895
TzNP4slvH8hH,riot,riot,0.7168217301368713,0.2632565498352051,0.24074967205524445,0.25086814165115356
VXQewijq1iuR,riot,riot,0.9199801683425903,0.2694956064224243,0.23166874051094055,0.2420409768819809
WOR0K16Wbi2I,riot,riot,0.8463624715805054,0.26643168926239014,0.24588723480701447,0.23712529242038727
bTZISxkK39sH,riot,riot,0.8991265296936035,0.25126540660858154,0.2238531857728958,0.22083693742752075
d7W6peU7P7SA,riot,riot,0.7370222210884094,0.2554294168949127,0.21907171607017517,0.24435633420944214
jYwFYXnCB8gz,riot,fighting,0.4559274911880493,0.2482031285762787,0.23587800562381744,0.2489941269159317
mwt1iRwgWYqy,riot,fighting,0.6305985450744629,0.2596915662288666,0.2583565413951874,0.27132564783096313
nYJeSZQnzWD0,riot,riot,0.9234662652015686,0.2760007381439209,0.24606838822364807,0.24181269109249115
pQf5uxtLtxH5,riot,riot,0.9389302730560303,0.2582690417766571,0.22378666698932648,0.22422906756401062
rgDWmSDLhmhC,riot,riot,0.9070296287536621,0.2752242088317871,0.24343302845954895,0.2472352683544159
t4AqEOluEwK2,riot,riot,0.519457995891571,0.2170182466506958,0.20208044350147247,0.21345952153205872
tXIzFNM5yp9f,riot,riot,0.7945074439048767,0.2653661072254181,0.24447855353355408,0.24532651901245117
uWqE9aiqIa5b,riot,riot,0.9416733384132385,0.28071731328964233,0.24702835083007812,0.244785875082016
wsRe9EYoao7V,riot,riot,0.6524216532707214,0.2569206953048706,0.2388601303100586,0.24693620204925537
xSgtD3jz8mUZ,riot,riot,0.9376198053359985,0.2898937165737152,0.24342696368694305,0.2612355947494507
xf5PcQJRH676,riot,riot,0.6662439107894897,0.2687966227531433,0.23220887780189514,0.2613561749458313
0261f0TEn46K,riot,riot,0.7383285164833069,0.2540006935596466,0.23371705412864685,0.23898857831954956
0ILtbKNKST48,riot,riot,0.6279982924461365,0.2676370441913605,0.22650575637817383,0.26212063431739807
0d6xvM4dAiW4,riot,riot,0.8568552732467651,0.25384554266929626,0.23442065715789795,0.2164274901151657
0lmypbT9naSL,riot,riot,0.8094979524612427,0.2585728168487549,0.23386931419372559,0.23965337872505188
29cZegQUocJb,riot,riot,0.8883045315742493,0.24730119109153748,0.21647053956985474,0.22203408181667328
2DzUC8Jvgx4g,riot,riot,0.8321523070335388,0.27017712593078613,0.2313912957906723,0.25308582186698914
2PBoIh9W74cM,riot,riot,0.9217934608459473,0.2622147500514984,0.22965669631958008,0.23148687183856964
3ViaXA7t2cYc,riot,riot,0.9250550270080566,0.26006850600242615,0.22934767603874207,0.22645607590675354
4nZvifrR6Gb5,riot,riot,0.6262224912643433,0.26016706228256226,0.22531315684318542,0.2544795870780945
50XYMR09ys3v,riot,riot,0.9033204913139343,0.2574784755706787,0.226064071059227,0.22995947301387787
55IZysHw38wO,riot,riot,0.9386464357376099,0.25441601872444153,0.22494745254516602,0.21087925136089325
5kf2savkefB7,riot,riot,0.8934963941574097,0.2567741274833679,0.22629530727863312,0.23042696714401245
67A81y8heYuc,riot,riot,0.9251763224601746,0.26943445205688477,0.24288463592529297,0.22394177317619324
69WACz6SPQg8,riot,riot,0.7603172659873962,0.2584803104400635,0.23907308280467987,0.24085676670074463
7iB22C7LbbNy,riot,riot,0.8350553512573242,0.2691754102706909,0.23509059846401215,0.25112295150756836
8KdEh2A5hBi1,riot,riot,0.9567663669586182,0.26893681287765503,0.2335374653339386,0.227692112326622
8ONiSixYGejX,riot,riot,0.5598194003105164,0.2448965311050415,0.22396472096443176,0.24078667163848877
8cSaamVcsMri,riot,fighting,0.714878261089325,0.24233555793762207,0.21763697266578674,0.25233960151672363
8rCpNjS3g3Ok,riot,riot,0.8254472017288208,0.26161229610443115,0.23051123321056366,0.24370679259300232
8wCMdWEW39Ff,riot,riot,0.8807681798934937,0.2631271779537201,0.23597486317157745,0.23641715943813324
9M4Lnsf790sK,riot,riot,0.8946497440338135,0.2647143602371216,0.23804599046707153,0.23440787196159363
9T1Wgyjt0vKj,riot,riot,0.9310033321380615,0.28333580493927,0.24574479460716248,0.2535382807254791
A1z3oGHrEMaJ,riot,riot,0.8655650615692139,0.26106396317481995,0.23335571587085724,0.23728057742118835
AwME4HLA6vtW,riot,riot,0.8356154561042786,0.27828001976013184,0.24947905540466309,0.2586611807346344
BFebZCtfR5aF,riot,riot,0.9012877941131592,0.25967663526535034,0.23543238639831543,0.2210417240858078
CN67oIug5zAh,riot,riot,0.598416268825531,0.2506427466869354,0.2252969741821289,0.24539658427238464
CPeuy7lOW44J,riot,riot,0.9302031397819519,0.268950492143631,0.23939014971256256,0.23123186826705933
CVJciWvfzVc1,riot,riot,0.7549803853034973,0.2670210003852844,0.2360069751739502,0.2542753219604492
D7gBZ66rFsaJ,riot,riot,0.850073516368866,0.2608986496925354,0.23449170589447021,0.23836612701416016
Dg4C2BcNChXn,riot,riot,0.8127433657646179,0.2590341567993164,0.23116329312324524,0.24124374985694885
FH2gzWNmVnUx,riot,riot,0.9072614908218384,0.2507477104663849,0.22386473417282104,0.21699866652488708
GW0AjcMLlz1v,riot,riot,0.6086968779563904,0.2456924319267273,0.23795704543590546,0.22862613201141357
HITFOk1YWLly,riot,riot,0.9390057921409607,0.26700663566589355,0.23206809163093567,0.233359694480896
HP1SIkO4eErL,riot,riot,0.8651039004325867,0.2614126205444336,0.23624618351459503,0.2355366349220276
HhOE7VTVyjIj,riot,riot,0.9366415143013,0.28256821632385254,0.2420908510684967,0.2526473104953766
KWcmmaWP9GGe,riot,fighting,0.5383391380310059,0.24063779413700104,0.21294273436069489,0.24278242886066437
LAIAfAzBL39U,riot,riot,0.9020068645477295,0.26448747515678406,0.23185738921165466,0.2379470020532608
LuLFx5NpoK10,riot,riot,0.9422626495361328,0.27067434787750244,0.23877207934856415,0.23161034286022186
M4qAK9MhEpEF,riot,riot,0.9627776741981506,0.2882940173149109,0.24548931419849396,0.251335084438324
MwV2lwWVgAF3,riot,riot,0.8520989418029785,0.2708071768283844,0.2348792403936386,0.2515692114830017
NZ0P8ssAGysd,riot,riot,0.8744662404060364,0.28972679376602173,0.23394080996513367,0.27004969120025635
NxFqzCuhUuWu,riot,riot,0.9322929382324219,0.2933783531188965,0.23906967043876648,0.2665318250656128
OVRHonUii72H,riot,riot,0.8738808035850525,0.253869891166687,0.22716645896434784,0.22797954082489014
Oc9WgHNGpAhE,riot,riot,0.8786135911941528,0.277686208486557,0.23874370753765106,0.25629839301109314
OcH04ImVxWii,riot,riot,0.8354693651199341,0.2599601745605469,0.22171658277511597,0.24253615736961365
PQdPojnDKG5e,riot,riot,0.7489323019981384,0.2538332939147949,0.22085130214691162,0.24173621833324432
Qau1A0qmEkCT,riot,riot,0.9214426875114441,0.2633974850177765,0.22643940150737762,0.2353343367576599
Rp3qrB15ypiE,riot,riot,0.8996788859367371,0.2520163953304291,0.22673991322517395,0.21748971939086914
S3xTtPUyKMam,riot,riot,0.8204032778739929,0.2617414593696594,0.22765451669692993,0.24491214752197266
SHGsCPYkkOFj,riot,riot,0.4982500672340393,0.2629323899745941,0.22203655540943146,0.26283469796180725
SytVtt4RWF4v,riot,riot,0.9552164673805237,0.29216504096984863,0.23284804821014404,0.26098132133483887
T4Umz6d0SMnc,riot,riot,0.8374080657958984,0.26851093769073486,0.23580273985862732,0.2499438375234604
T57zH8SK96yv,riot,riot,0.8742727041244507,0.2544478178024292,0.22327597439289093,0.23137447237968445
UC7nTJ2ha9WM,riot,riot,0.9252522587776184,0.3005523681640625,0.2485097348690033,0.274688720703125
W8ltLizECrMG,riot,riot,0.9095500111579895,0.2826838791370392,0.23980464041233063,0.2581161856651306
W9d9UvLeBYFu,riot,fighting,0.6139481663703918,0.22409065067768097,0.21778082847595215,0.23299622535705566
Wvt5X1vEtjgO,riot,riot,0.8818590044975281,0.2738359868526459,0.2480522096157074,0.2453751266002655
NonViolence_NV_1,normal,fighting,0.8616220951080322,0.20479491353034973,0.2102363407611847,0.233101025223732
NonViolence_NV_10,normal,fighting,0.7064536809921265,0.21617287397384644,0.21219995617866516,0.23009613156318665
NonViolence_NV_11,normal,riot,0.4429614841938019,0.19285790622234344,0.1838109940290451,0.19126638770103455
NonViolence_NV_12,normal,fighting,0.8640937209129333,0.19046902656555176,0.18480180203914642,0.21346025168895721
NonViolence_NV_13,normal,fighting,0.7329176664352417,0.18625378608703613,0.17742925882339478,0.19981113076210022
NonViolence_NV_14,normal,normal,0.3854745328426361,0.21534301340579987,0.21616581082344055,0.21220853924751282
NonViolence_NV_15,normal,fighting,0.733810305595398,0.18724553287029266,0.16649499535560608,0.198568657040596
NonViolence_NV_16,normal,fighting,0.7520375847816467,0.18499593436717987,0.1716412603855133,0.19842620193958282
NonViolence_NV_17,normal,fighting,0.6912190318107605,0.18251849710941315,0.1733711063861847,0.19394589960575104
NonViolence_NV_18,normal,fighting,0.9361873269081116,0.19677509367465973,0.1893954575061798,0.22754120826721191
NonViolence_NV_19,normal,fighting,0.9361873269081116,0.19677509367465973,0.1893954575061798,0.22754120826721191
NonViolence_NV_2,normal,fighting,0.6057003140449524,0.20984070003032684,0.2068115770816803,0.21966460347175598
NonViolence_NV_20,normal,fighting,0.8913693428039551,0.19000336527824402,0.18996259570121765,0.21796251833438873
NonViolence_NV_21,normal,fighting,0.8942524790763855,0.1729927659034729,0.17379030585289001,0.2016802877187729
NonViolence_NV_22,normal,fighting,0.6806522607803345,0.18600787222385406,0.18805114924907684,0.20158079266548157
NonViolence_NV_23,normal,fighting,0.6838983297348022,0.20386499166488647,0.19713391363620758,0.21570433676242828
NonViolence_NV_24,normal,fighting,0.6093575358390808,0.19647327065467834,0.1811710149049759,0.20287907123565674
NonViolence_NV_25,normal,fighting,0.8381138443946838,0.1934635490179062,0.1898302435874939,0.21518507599830627
NonViolence_NV_26,normal,fighting,0.8381138443946838,0.1934635490179062,0.1898302435874939,0.21518507599830627
NonViolence_NV_27,normal,fighting,0.8913693428039551,0.19000336527824402,0.18996259570121765,0.21796251833438873
NonViolence_NV_28,normal,fighting,0.7336798310279846,0.19985654950141907,0.19424192607402802,0.21450340747833252
NonViolence_NV_29,normal,fighting,0.9466255903244019,0.17308908700942993,0.17951557040214539,0.21249711513519287
NonViolence_NV_3,normal,fighting,0.7854683995246887,0.17720657587051392,0.18161121010780334,0.19955916702747345
NonViolence_NV_30,normal,fighting,0.6734215617179871,0.1759202927350998,0.1871638000011444,0.19721390306949615
NonViolence_NV_31,normal,fighting,0.7699347138404846,0.17716141045093536,0.1791594922542572,0.19722115993499756
NonViolence_NV_32,normal,fighting,0.775105357170105,0.18524347245693207,0.18510760366916656,0.20448091626167297
NonViolence_NV_33,normal,fighting,0.5779525637626648,0.1716591715812683,0.17725780606269836,0.1849205046892166
NonViolence_NV_34,normal,fighting,0.7716105580329895,0.18688565492630005,0.1808968335390091,0.20343877375125885
NonViolence_NV_35,normal,fighting,0.7972843647003174,0.16587111353874207,0.17579692602157593,0.19264361262321472
NonViolence_NV_36,normal,fighting,0.9312714338302612,0.17241588234901428,0.18199293315410614,0.2113049328327179
NonViolence_NV_37,normal,fighting,0.6802169680595398,0.18542058765888214,0.17898117005825043,0.19718965888023376
NonViolence_NV_38,normal,fighting,0.9114907383918762,0.17292426526546478,0.1858072578907013,0.21156226098537445
NonViolence_NV_39,normal,fighting,0.6652562618255615,0.19913408160209656,0.19863373041152954,0.21268656849861145
NonViolence_NV_4,normal,fighting,0.635688066482544,0.19530369341373444,0.18368777632713318,0.20359373092651367
NonViolence_NV_40,normal,fighting,0.6315603256225586,0.19164177775382996,0.1841823160648346,0.2009126842021942
NonViolence_NV_41,normal,fighting,0.5147638916969299,0.18693824112415314,0.1806868314743042,0.19181548058986664
NonViolence_NV_42,normal,fighting,0.890063464641571,0.16955958306789398,0.17964452505111694,0.2036682665348053
NonViolence_NV_43,normal,normal,0.42692697048187256,0.17062081396579742,0.1756654679775238,0.17263402044773102
NonViolence_NV_44,normal,fighting,0.6447430849075317,0.18322348594665527,0.17644120752811432,0.19328822195529938
NonViolence_NV_45,normal,fighting,0.6346883177757263,0.1905609667301178,0.1956862211227417,0.20590372383594513
NonViolence_NV_46,normal,fighting,0.9649690389633179,0.1995670050382614,0.19241894781589508,0.2367086112499237
NonViolence_NV_47,normal,fighting,0.8086844086647034,0.19558829069137573,0.2036653310060501,0.2217673659324646
NonViolence_NV_48,normal,fighting,0.5690673589706421,0.19767867028713226,0.20218314230442047,0.2098943591117859
NonViolence_NV_49,normal,fighting,0.6493602395057678,0.1939259022474289,0.20361559092998505,0.21299490332603455
NonViolence_NV_5,normal,fighting,0.635688066482544,0.19530369341373444,0.18368777632713318,0.20359373092651367
NonViolence_NV_50,normal,fighting,0.6717674732208252,0.19622084498405457,0.20524579286575317,0.21581202745437622
NonViolence_NV_6,normal,fighting,0.5619057416915894,0.19154642522335052,0.18787147104740143,0.19929729402065277
NonViolence_NV_7,normal,riot,0.6333825588226318,0.20943903923034668,0.18792639672756195,0.20172768831253052
NonViolence_NV_8,normal,fighting,0.5487968325614929,0.18965443968772888,0.19382977485656738,0.2008480429649353
NonViolence_NV_9,normal,fighting,0.6792788505554199,0.18648695945739746,0.17918041348457336,0.1979227364063263
